{
  "images" : [
    {
      "idiom" : "iphone",
      "size" : "20x20",
      "scale" : "2x"
    },
    {
      "idiom" : "iphone",
      "size" : "20x20",
      "scale" : "3x"
    },
    {
      "size" : "29x29",
      "idiom" : "iphone",
      "filename" : "nextcloud29@1x.png",
      "scale" : "1x"
    },
    {
      "size" : "29x29",
      "idiom" : "iphone",
      "filename" : "nextcloud58@2x.png",
      "scale" : "2x"
    },
    {
      "size" : "29x29",
      "idiom" : "iphone",
      "filename" : "nextcloud87@3x.png",
      "scale" : "3x"
    },
    {
      "size" : "40x40",
      "idiom" : "iphone",
      "filename" : "nextcloud80@2x.png",
      "scale" : "2x"
    },
    {
      "size" : "40x40",
      "idiom" : "iphone",
      "filename" : "nextcloud120@3x.png",
      "scale" : "3x"
    },
    {
      "size" : "57x57",
      "idiom" : "iphone",
      "filename" : "nextcloud57@1x.png",
      "scale" : "1x"
    },
    {
      "size" : "57x57",
      "idiom" : "iphone",
      "filename" : "nextcloud114@2x.png",
      "scale" : "2x"
    },
    {
      "size" : "60x60",
      "idiom" : "iphone",
      "filename" : "nextcloud120@2x.png",
      "scale" : "2x"
    },
    {
      "size" : "60x60",
      "idiom" : "iphone",
      "filename" : "nextcloud180@3x.png",
      "scale" : "3x"
    },
    {
      "idiom" : "ipad",
      "size" : "20x20",
      "scale" : "1x"
    },
    {
      "idiom" : "ipad",
      "size" : "20x20",
      "scale" : "2x"
    },
    {
      "size" : "29x29",
      "idiom" : "ipad",
      "filename" : "nextcloud29@1x-1.png",
      "scale" : "1x"
    },
    {
      "size" : "29x29",
      "idiom" : "ipad",
      "filename" : "nextcloud58@2x-1.png",
      "scale" : "2x"
    },
    {
      "size" : "40x40",
      "idiom" : "ipad",
      "filename" : "nextcloud40@1x.png",
      "scale" : "1x"
    },
    {
      "size" : "40x40",
      "idiom" : "ipad",
      "filename" : "nextcloud80@2x-1.png",
      "scale" : "2x"
    },
    {
      "size" : "50x50",
      "idiom" : "ipad",
      "filename" : "nextcloud50@1x.png",
      "scale" : "1x"
    },
    {
      "size" : "50x50",
      "idiom" : "ipad",
      "filename" : "nextcloud100@2x.png",
      "scale" : "2x"
    },
    {
      "size" : "72x72",
      "idiom" : "ipad",
      "filename" : "nextcloud72@1x.png",
      "scale" : "1x"
    },
    {
      "size" : "72x72",
      "idiom" : "ipad",
      "filename" : "nextcloud144@2x.png",
      "scale" : "2x"
    },
    {
      "size" : "76x76",
      "idiom" : "ipad",
      "filename" : "nextcloud76@1x.png",
      "scale" : "1x"
    },
    {
      "size" : "76x76",
      "idiom" : "ipad",
      "filename" : "nextcloud152@2x.png",
      "scale" : "2x"
    },
    {
      "size" : "83.5x83.5",
      "idiom" : "ipad",
      "filename" : "nextcloud167@2x.png",
      "scale" : "2x"
    }
  ],
  "info" : {
    "version" : 1,
    "author" : "xcode"
  }
}